n_neighbors,min_dist,n_components,n_seeds,trustworthiness_consensus,trustworthiness_mean_seeds,best_k,best_silhouette,best_ari_seed_consensus,best_min_cluster_size
17,0.0425,4,5,0.9196009481388867,0.9355149076740075,70,0.7233770489692688,0.7057363014786064,6
17,0.0425,5,5,0.9198941525424295,0.9384779018052442,70,0.7157741785049438,0.6799061976278085,6
17,0.0425,6,5,0.9189139993859851,0.9386779754068962,70,0.7253145575523376,0.6841073466858729,6
17,0.0425,7,5,0.9201333245171645,0.9388725277714884,70,0.7346375584602356,0.6917408856357276,6
17,0.0425,8,5,0.9200678711423418,0.9387780211129433,70,0.6831954717636108,0.6579318349717702,6
17,0.0425,9,5,0.9205415398507529,0.9388525177397569,70,0.7096887230873108,0.6730138849325922,6
17,0.0425,10,5,0.918197529825255,0.938977110687668,70,0.7002081871032715,0.6985414853394667,6
17,0.0425,11,5,0.9215841853960163,0.938931453619271,70,0.7215754985809326,0.6974225031663779,6
17,0.0425,12,5,0.9212066930750997,0.9394923133471231,70,0.7112216949462891,0.6724244795624805,6
17,0.0425,13,5,0.9195726963250601,0.9391801719909869,70,0.7162207365036011,0.6986940009940764,6
17,0.05,4,5,0.9180302007214565,0.9357074563638601,70,0.7256269454956055,0.6931093473465239,6
17,0.05,5,5,0.9171952471944658,0.9388830849110603,70,0.7094306349754333,0.6915818280203122,6
17,0.05,6,5,0.9171312854441713,0.9382941737368556,60,0.7180250287055969,0.6780667598834662,6
17,0.05,7,5,0.9180576288023345,0.9392211938918198,60,0.7141932249069214,0.6692934387074224,6
17,0.05,8,5,0.9182060120483189,0.9390765152177982,70,0.7155054211616516,0.6982596849151423,6
17,0.05,9,5,0.9218070385531509,0.9393949392073953,70,0.6976366639137268,0.6779642671965386,6
17,0.05,10,5,0.9220440955378831,0.9393025163705792,70,0.7058049440383911,0.7113949483696942,6
17,0.05,11,5,0.9211142568804521,0.9390338191354054,70,0.7118302583694458,0.6884627754908905,6
17,0.05,12,5,0.9233232860176676,0.9396024531212465,20,0.69772869348526,0.5362451501950087,9
17,0.05,13,5,0.9221888499062837,0.9390744670169535,60,0.7086097598075867,0.6498568114662355,6
17,0.1,4,5,0.9202255603443382,0.9366124494545218,70,0.6865947842597961,0.675935435416056,6
17,0.1,5,5,0.9199753236324307,0.9406978220278213,60,0.6830335855484009,0.6923559319975527,6
17,0.1,6,5,0.9225221723307212,0.9403754975513982,70,0.6911493539810181,0.696990735048472,6
17,0.1,7,5,0.9206889657854728,0.9415086691213908,70,0.673175573348999,0.6914159705074392,4
17,0.1,8,5,0.9210976486431671,0.9410208989954242,70,0.6584779620170593,0.7044246377937378,6
17,0.1,9,5,0.9226006718544032,0.9411204192934287,60,0.6720358729362488,0.7013965058622043,6
17,0.1,10,5,0.9223491661484942,0.941279261721553,70,0.6495373249053955,0.6421029528133039,5
17,0.1,11,5,0.9234724707335475,0.9412241294979437,70,0.6779019832611084,0.6998399602554183,6
17,0.1,12,5,0.9226763884965026,0.9420243660206152,70,0.6763679385185242,0.6762431901738785,6
17,0.1,13,5,0.9199596949694628,0.9413503921748042,70,0.6772934198379517,0.6865943645115028,6
17,0.115,4,5,0.9202634075338616,0.9369273603344089,70,0.6879959106445312,0.6721079713507082,6
17,0.115,5,5,0.920033786408718,0.9414119272523587,60,0.6777149438858032,0.6729847591718962,6
17,0.115,6,5,0.9188602563768619,0.9409605972909872,70,0.676002562046051,0.6782358580201784,6
17,0.115,7,5,0.921087875163049,0.9417391763160301,60,0.6619481444358826,0.637860761965179,6
17,0.115,8,5,0.9215283719229956,0.9415892658246335,70,0.6629354357719421,0.6880161988233691,6
17,0.115,9,5,0.9225448138552772,0.9413647028650545,70,0.6774599552154541,0.6913757278450569,6
17,0.115,10,5,0.9209113959446069,0.9416967607481009,70,0.6495142579078674,0.6778476829907822,5
17,0.115,11,5,0.9231332486001549,0.9418205922996108,70,0.6563689708709717,0.6884565195007094,6
17,0.115,12,5,0.9221044061475413,0.9424197222149868,40,0.6583535671234131,0.6616935454164864,6
17,0.115,13,5,0.9196445614590493,0.941882977825777,70,0.6633180379867554,0.6690757467266959,6
20,0.0425,4,5,0.9176601442601287,0.9362935757512613,60,0.7364505529403687,0.6957400449395518,6
20,0.0425,5,5,0.9190139159663266,0.9393781929391839,70,0.6959810256958008,0.6572574836385139,6
20,0.0425,6,5,0.9180816283731029,0.9404177973514537,70,0.7115693688392639,0.7038966558781036,6
20,0.0425,7,5,0.9178575730111246,0.9409835594035016,70,0.7085198760032654,0.7040523144481907,6
20,0.0425,8,5,0.9197003526690172,0.9404680138930355,70,0.720373272895813,0.7006806641341579,6
20,0.0425,9,5,0.9187580912282014,0.9408298374774894,60,0.7112573385238647,0.6880377719100399,6
20,0.0425,10,5,0.9163977178589978,0.9396967148862124,70,0.7032777070999146,0.7127333959371774,6
20,0.0425,11,5,0.9205948598618756,0.9404025827812653,70,0.7015970945358276,0.6999330533534341,6
20,0.0425,12,5,0.9197133097656658,0.9408464991461006,70,0.7082863450050354,0.6942248744294399,5
20,0.0425,13,5,0.9201722625962683,0.940715240640223,70,0.7120144367218018,0.6742557813505206,6
20,0.05,4,5,0.9210258948244414,0.9365545566123826,70,0.7205502986907959,0.7172869637969022,6
20,0.05,5,5,0.9189374646434895,0.9399342794685452,70,0.7156424522399902,0.7166817165570688,6
20,0.05,6,5,0.9178723779411441,0.9403637471122037,70,0.7014747262001038,0.6931937733403241,6
20,0.05,7,5,0.9204372151859844,0.9412610950705815,70,0.7172079086303711,0.7028404539590021,6
20,0.05,8,5,0.9177658492341622,0.940880948993788,70,0.7143082618713379,0.7037311167117004,6
20,0.05,9,5,0.9195065750586576,0.9413487491615177,60,0.7113624215126038,0.7181220921244459,6
20,0.05,10,5,0.9176651979730827,0.9401495720929963,70,0.7128632068634033,0.7161009416039542,6
20,0.05,11,5,0.9178274065747692,0.9405200114788299,70,0.7008059024810791,0.7137703280648277,6
20,0.05,12,5,0.9173412928199206,0.9412783044102886,70,0.6960234642028809,0.7152234255211275,6
20,0.05,13,5,0.9218246041017003,0.9407575448928892,70,0.6943280696868896,0.689933182784177,6
20,0.1,4,5,0.9198229553000202,0.9377314572704117,70,0.6979897022247314,0.7172247432388419,7
20,0.1,5,5,0.9196895773515293,0.9412116844515062,60,0.6739860773086548,0.7003203822904578,6
20,0.1,6,5,0.9208100322658422,0.9421462161604381,70,0.6694135069847107,0.6983343136778803,6
20,0.1,7,5,0.9199732531685333,0.9428949448844737,70,0.6623378992080688,0.6864200507013472,6
20,0.1,8,5,0.9200258830250234,0.9422502870264065,70,0.6643679738044739,0.6859333303967123,6
20,0.1,9,5,0.9186268282697133,0.9422332825067843,70,0.665776789188385,0.7002442262741181,6
20,0.1,10,5,0.9211330023707924,0.9420974734329427,70,0.6720263361930847,0.7092323015247841,6
20,0.1,11,5,0.9192875734096333,0.942403300987344,70,0.6702141165733337,0.7038959403188721,6
20,0.1,12,5,0.9206162991815879,0.9427035004420329,70,0.6686890721321106,0.7219988211011905,6
20,0.1,13,5,0.9207230727821492,0.9426490138469509,60,0.6558526158332825,0.684170221096603,6
20,0.115,4,5,0.9202282096476049,0.937395623573634,70,0.671197772026062,0.6894403928354822,10
20,0.115,5,5,0.9192155746973283,0.941674404190619,70,0.6674574017524719,0.6960234816343712,6
20,0.115,6,5,0.9222187046599019,0.9425859871448681,60,0.6483156681060791,0.663384583539974,6
20,0.115,7,5,0.9197786963513306,0.9431681348036743,70,0.6609689593315125,0.6912739395505837,6
20,0.115,8,5,0.9214077507036794,0.9426394719025805,70,0.653323233127594,0.7022302745658764,6
20,0.115,9,5,0.9205564560960356,0.9429557052077955,70,0.6607857942581177,0.7114423032674301,6
20,0.115,10,5,0.9209061641272316,0.942616149128613,70,0.6647533774375916,0.7063809477613148,6
20,0.115,11,5,0.9210130045169508,0.942822932814337,70,0.6706629991531372,0.6898929046127833,6
20,0.115,12,5,0.9211887713177078,0.9431037545079899,60,0.6520324349403381,0.6960446299921215,6
20,0.115,13,5,0.9217851317093327,0.9428515408370062,70,0.6565289497375488,0.6748341496690412,6
23,0.0425,4,5,0.9186562377622782,0.9364497466130661,70,0.7210608124732971,0.67975820454295,6
23,0.0425,5,5,0.9189606850074147,0.9400671987981515,70,0.7012757062911987,0.6847209390389313,5
23,0.0425,6,5,0.9162665439527204,0.940563077127897,60,0.6978727579116821,0.6978902217734534,6
23,0.0425,7,5,0.9205403153828566,0.9409907548221217,70,0.6980239152908325,0.6995106736674471,6
23,0.0425,8,5,0.9196902897692145,0.9409788529941692,70,0.6937251687049866,0.7029819115992603,6
23,0.0425,9,5,0.9191574236037783,0.9410527663290029,70,0.6858829259872437,0.6817912187119048,6
23,0.0425,10,5,0.920179498088383,0.9408575282623888,70,0.6975009441375732,0.6815777438560513,6
23,0.0425,11,5,0.9193195208902015,0.9409401286403709,60,0.6734209656715393,0.661557019685131,6
23,0.0425,12,5,0.9185068526789243,0.9404427631387074,70,0.6794766187667847,0.7329450942111345,6
23,0.0425,13,5,0.9198291889547653,0.9408639444741655,70,0.6990708708763123,0.682558304002217,6
23,0.05,4,5,0.9183091790343489,0.9366654934037915,50,0.6926769614219666,0.6986975824403763,6
23,0.05,5,5,0.9185275573178988,0.9404189594828025,70,0.6932137608528137,0.6836992412805716,6
23,0.05,6,5,0.9183344253360664,0.9407882367372874,70,0.6943743824958801,0.7001685368720527,6
23,0.05,7,5,0.9213919439362903,0.9411030184914688,70,0.6907670497894287,0.6857429269191104,6
23,0.05,8,5,0.9191422847279689,0.941429207833834,70,0.6858829259872437,0.7070667347954886,6
23,0.05,9,5,0.9203315992641616,0.9415050357911966,70,0.6761648654937744,0.6838121073604205,6
23,0.05,10,5,0.9172021487407906,0.9411562138294967,60,0.7020159959793091,0.6926440109178216,6
23,0.05,11,5,0.9179630108285262,0.9412308930133421,70,0.6926023364067078,0.6928813384922635,6
23,0.05,12,5,0.9180593653204422,0.9407245911223405,45,0.6649979948997498,0.6542325549806826,6
23,0.05,13,5,0.9199457360354446,0.9410323110362182,70,0.6825430393218994,0.6975761922938705,4
23,0.1,4,5,0.9200418456337812,0.9371493853059846,70,0.665118396282196,0.6961326501546824,6
23,0.1,5,5,0.9215411954413283,0.941928421168868,70,0.6737975478172302,0.7069562492141164,6
23,0.1,6,5,0.9212569185219025,0.9423597232880659,70,0.664913535118103,0.6870005042925647,6
23,0.1,7,5,0.9228022637962467,0.942904811869413,70,0.642400860786438,0.6878197453041712,6
23,0.1,8,5,0.9209806563014347,0.9430871061972101,70,0.6594127416610718,0.6940567543622655,4
23,0.1,9,5,0.9217805009943792,0.9431126998025491,70,0.6550427079200745,0.6832795679840246,6
23,0.1,10,5,0.9204703648713963,0.942570866079501,70,0.6576390266418457,0.6868395583484942,6
23,0.1,11,5,0.9219981445971912,0.94301849592152,70,0.6614639759063721,0.7024065189168344,9
23,0.1,12,5,0.9196856367912084,0.9425850877175407,70,0.6399815082550049,0.6834404779110892,4
23,0.1,13,5,0.9201785853032239,0.9426517210341544,70,0.6551358103752136,0.6763006742033504,6
23,0.115,4,5,0.9208032420347807,0.9370966574920626,70,0.6386719346046448,0.6783759027890024,6
23,0.115,5,5,0.9227478306324911,0.9419795772112721,70,0.6511197090148926,0.6933587271099351,9
23,0.115,6,5,0.9227471850039639,0.942552107231329,70,0.6582907438278198,0.6923196928426091,6
23,0.115,7,5,0.9223692028958889,0.9430787352894097,70,0.6384543180465698,0.6995199479417723,6
23,0.115,8,5,0.9229788765930049,0.9435430045369875,70,0.6631348729133606,0.7089307446124714,6
23,0.115,9,5,0.9241917009128074,0.9433635732377624,70,0.6352308988571167,0.6840727713602026,9
23,0.115,10,5,0.9204247478764944,0.9428586115825311,70,0.6450176239013672,0.7100218564305538,6
23,0.115,11,5,0.9205619550700429,0.9432941748500083,60,0.6429302096366882,0.6899161846527594,10
23,0.115,12,5,0.92083636945714,0.9429694326060662,70,0.6320404410362244,0.6914697033556126,3
23,0.115,13,5,0.9216096098021549,0.9430514363342368,70,0.643768846988678,0.6898301692355716,6
27,0.0425,4,5,0.9188731912104577,0.9366459731592185,70,0.6939094662666321,0.6804887098277403,9
27,0.0425,5,5,0.9176577398504413,0.9399560215657738,70,0.6909415125846863,0.6922565352280983,9
27,0.0425,6,5,0.9190482455935296,0.9405805892451202,20,0.6804001331329346,0.6121245542121962,10
27,0.0425,7,5,0.9203267236556288,0.9407908993983856,70,0.6701017022132874,0.6893439453087786,9
27,0.0425,8,5,0.919872000805032,0.9404593535655504,70,0.6775890588760376,0.6964959253520903,7
27,0.0425,9,5,0.9203726523332681,0.9409620933681261,60,0.6602795124053955,0.6772972555529243,9
27,0.0425,10,5,0.920006291538682,0.9410376541688568,70,0.669204592704773,0.7138880237327376,9
27,0.0425,11,5,0.9230825556292462,0.9409036172340073,25,0.6777555346488953,0.6360930944325456,10
27,0.0425,12,5,0.9219659076969384,0.9417237480205364,25,0.6869606375694275,0.6763741739236728,9
27,0.0425,13,5,0.9186479781697411,0.9399519162588632,60,0.6600393652915955,0.6776479896199559,9
27,0.05,4,5,0.9190260493300269,0.9365504869263562,70,0.6790851354598999,0.6635573404389157,9
27,0.05,5,5,0.9206697750340792,0.9402704471111129,60,0.6820032000541687,0.6662218009076323,6
27,0.05,6,5,0.9202628732205977,0.9408174280519361,70,0.6628516316413879,0.6521735785051824,9
27,0.05,7,5,0.9210689293052347,0.9410821446532942,70,0.6745848059654236,0.6905757719662928,9
27,0.05,8,5,0.9198335970391921,0.9408134296076781,50,0.6634496450424194,0.6717076210617497,9
27,0.05,9,5,0.9203593835538822,0.9413004873159597,70,0.6547898054122925,0.6805153539948438,9
27,0.05,10,5,0.9205781403093273,0.9413492879273921,60,0.6578691601753235,0.6832488438504837,9
27,0.05,11,5,0.9213959512857692,0.9412202156532858,70,0.6630308032035828,0.6885207853510023,6
27,0.05,12,5,0.9203650161062055,0.942029753679359,70,0.667845606803894,0.6999690820400859,6
27,0.05,13,5,0.9206127370931622,0.9405333826682579,60,0.6487573385238647,0.6485033357664516,9
27,0.1,4,5,0.9187399913663882,0.9367933278521697,70,0.6409596800804138,0.6787629776974973,9
27,0.1,5,5,0.9212292232843925,0.9420682910235149,70,0.637493371963501,0.6749339220973335,9
27,0.1,6,5,0.9225828614122745,0.942287809175361,25,0.6248862147331238,0.6409271855327442,10
27,0.1,7,5,0.9220481251504148,0.943149313618955,60,0.6363773345947266,0.6836651103901261,9
27,0.1,8,5,0.9226236473247491,0.942727415413201,30,0.6210893988609314,0.6815726660062527,10
27,0.1,9,5,0.9229409180882182,0.943219246319973,70,0.6360031366348267,0.6978496886674681,6
27,0.1,10,5,0.9217328357986325,0.9430923691828591,60,0.6270375847816467,0.706494232440997,9
27,0.1,11,5,0.9235951846798139,0.9429626067541204,60,0.6312075257301331,0.6807020828879797,9
27,0.1,12,5,0.9197119071933482,0.9431125573190119,60,0.6300848126411438,0.6712287381066103,9
27,0.1,13,5,0.9199570456661963,0.9422400994535088,60,0.6196268200874329,0.6683382684150582,9
27,0.115,4,5,0.9203681106705253,0.9370209230395211,70,0.6124414801597595,0.6620004136097235,9
27,0.115,5,5,0.9230792384343998,0.9424099799031425,70,0.6263123750686646,0.6970688984152943,7
27,0.115,6,5,0.9214045448240963,0.9427968761375028,70,0.6213751435279846,0.685257910412742,9
27,0.115,7,5,0.9232705671089667,0.9433232771124465,50,0.6141781806945801,0.6515858243395186,9
27,0.115,8,5,0.9216369710938751,0.9431861099923928,70,0.6124358773231506,0.6805226194219028,9
27,0.115,9,5,0.9225535854980256,0.9435888708780793,25,0.6177668571472168,0.6897994804781579,10
27,0.115,10,5,0.9230644780304857,0.9435576536256383,45,0.6198223233222961,0.6825298218685674,10
27,0.115,11,5,0.9220440955378831,0.9431894672607338,60,0.6082943081855774,0.7107240910054209,10
27,0.115,12,5,0.9208008376250933,0.9434175166143597,70,0.6167674660682678,0.6771221795150734,6
27,0.115,13,5,0.9210014499926198,0.9425081109866607,60,0.6219466924667358,0.6837423382370942,10
31,0.0425,4,5,0.9176633278766592,0.9369922037015886,70,0.67278653383255,0.6715407940144975,9
31,0.0425,5,5,0.9211155258744538,0.9411460173513779,70,0.6793557405471802,0.7103448957041445,9
31,0.0425,6,5,0.9220607260382208,0.9421316115978927,70,0.6542909145355225,0.7022402971152747,9
31,0.0425,7,5,0.9198912360825309,0.9420447278085786,20,0.6777269244194031,0.6610534984902592,10
31,0.0425,8,5,0.9204971918498527,0.9421773666237213,70,0.6588864922523499,0.7067471691939462,9
31,0.0425,9,5,0.9215893058981283,0.9421356367578138,70,0.662964940071106,0.7058996184489071,9
31,0.0425,10,5,0.9214130715732654,0.9421030347434973,25,0.6591174602508545,0.6164261538854269,10
31,0.0425,11,5,0.9191434424067072,0.9416733444693122,70,0.6495432257652283,0.6955800513383888,3
31,0.0425,12,5,0.9205613539676211,0.9424335920967943,20,0.6592904329299927,0.6607505212030896,10
31,0.0425,13,5,0.9201315657360043,0.941794019119955,50,0.6642505526542664,0.6861520970531287,10
31,0.05,4,5,0.9191431084609173,0.9369772429302007,70,0.660079300403595,0.6898228269596686,7
31,0.05,5,5,0.9198247586072857,0.9416858073261919,70,0.6645696759223938,0.6951723461984766,9
31,0.05,6,5,0.9214268301398097,0.9422947240795174,50,0.6398223638534546,0.6948183484894654,10
31,0.05,7,5,0.9226795943760857,0.9423886340882511,25,0.6492369174957275,0.6934325158441853,10
31,0.05,8,5,0.9221164504590308,0.9424169972173411,25,0.6565189361572266,0.621552342569951,10
31,0.05,9,5,0.9232968375111065,0.9424030427359333,20,0.6642267107963562,0.6214104558028677,10
31,0.05,10,5,0.9223616779840895,0.9423013451113788,70,0.6473696827888489,0.675171780544343,8
31,0.05,11,5,0.9189897160280844,0.941975467451751,25,0.6481844186782837,0.6450351749252092,10
31,0.05,12,5,0.9237067225736445,0.942751628709275,20,0.6546414494514465,0.6939052644148332,10
31,0.05,13,5,0.9206617603351213,0.9420034610141667,30,0.6504116654396057,0.6837316312761977,10
31,0.1,4,5,0.9182410318301543,0.9369367776056844,60,0.62554532289505,0.6562799986544325,10
31,0.1,5,5,0.9217848422896481,0.9430262301060145,60,0.6260876059532166,0.7104818792482018,10
31,0.1,6,5,0.9217827940888033,0.9440626286387012,70,0.6229573488235474,0.6819910058185906,10
31,0.1,7,5,0.9231792440669522,0.9438693942468264,60,0.6247428059577942,0.6831128154351458,10
31,0.1,8,5,0.9233066332542772,0.9438034466322346,20,0.6382595300674438,0.664057462271377,10
31,0.1,9,5,0.9207566454655616,0.9436865299848811,25,0.6336483955383301,0.6804857843826173,10
31,0.1,10,5,0.9213568573652968,0.9435969612714162,20,0.6169300675392151,0.6532548707083814,10
31,0.1,11,5,0.9242894134509356,0.9436235611667353,20,0.6319928765296936,0.7114865884754844,10
31,0.1,12,5,0.9228937204165774,0.944052752748541,25,0.6293203830718994,0.6597901799784827,10
31,0.1,13,5,0.9223247213166725,0.9433453976815702,60,0.6114364862442017,0.7161574762422775,10
31,0.115,4,5,0.917813046905803,0.9372707634690911,70,0.6215825080871582,0.6511305787956019,5
31,0.115,5,5,0.9232026647983513,0.9432812311111913,70,0.5989751815795898,0.691314711867465,3
31,0.115,6,5,0.9228003269106653,0.9443318735449703,60,0.5900331139564514,0.676477904321829,9
31,0.115,7,5,0.9212509742868421,0.9441526915919353,20,0.6246055364608765,0.697912295287318,10
31,0.115,8,5,0.922853045819366,0.9443811194174561,20,0.6313353180885315,0.7110481308459515,10
31,0.115,9,5,0.9197361739207485,0.9443076379858437,60,0.6114339232444763,0.6761985750633246,10
31,0.115,10,5,0.9215963632858217,0.9442173123285883,70,0.6091827750205994,0.6616995824675339,5
31,0.115,11,5,0.9240298262569108,0.9442511610738539,25,0.602202832698822,0.6544994097226103,10
31,0.115,12,5,0.9231428662389044,0.9443966723860449,70,0.5925371646881104,0.6964240752002817,10
31,0.115,13,5,0.9227552887551325,0.9439179989433957,60,0.6013099551200867,0.6969578372877688,10
36,0.0425,4,5,0.9182395179425733,0.9370145825221234,60,0.6520253419876099,0.6679747185446311,10
36,0.0425,5,5,0.9214789479460886,0.9408766922981192,20,0.6507339477539062,0.6832156237169162,11
36,0.0425,6,5,0.9233783425468977,0.9421323818995149,25,0.6465829610824585,0.6604396106385917,10
36,0.0425,7,5,0.9211824040846468,0.9419828632378449,20,0.6617584228515625,0.7033608507699365,10
36,0.0425,8,5,0.9202871399479979,0.9429635373497216,20,0.6619293093681335,0.6818520927001366,10
36,0.0425,9,5,0.9236345012308129,0.9419418636000648,60,0.6220520734786987,0.6814463642110848,10
36,0.0425,10,5,0.9204135940871113,0.942562499624311,20,0.6656270623207092,0.7281934531834015,10
36,0.0425,11,5,0.9232893571254125,0.9423810023137991,20,0.6653020977973938,0.6923954714934526,10
36,0.0425,12,5,0.9229383578371623,0.9424950826482436,20,0.6671721339225769,0.7287641486947144,10
36,0.0425,13,5,0.9220004376916153,0.9428192015267112,20,0.6766945123672485,0.7126954152395444,18
36,0.05,4,5,0.9194373814909877,0.9370035623110564,70,0.6491933465003967,0.678575736376772,7
36,0.05,5,5,0.9208242360934398,0.941382019067414,20,0.6669395565986633,0.6167922497167566,10
36,0.05,6,5,0.922148397939599,0.9423877168504816,30,0.6547796726226807,0.6931479095561734,10
36,0.05,7,5,0.9228438066525119,0.9421452944700581,30,0.6475656032562256,0.6767451994521658,10
36,0.05,8,5,0.9230560180704745,0.9429403347962385,20,0.6363133192062378,0.7064106469715842,18
36,0.05,9,5,0.9229595967894006,0.9422512799585551,20,0.625353991985321,0.6810004984019071,11
36,0.05,10,5,0.9196616594834928,0.9428022281753625,20,0.6598172187805176,0.7032930710062533,10
36,0.05,11,5,0.9228846593541444,0.9427470558782585,20,0.6428640484809875,0.6004356807944538,10
36,0.05,12,5,0.9219283499270996,0.9428268288485526,20,0.6305714845657349,0.663624391128393,10
36,0.05,13,5,0.9222452644817262,0.9429670148385473,20,0.6874644160270691,0.6387799319715868,10
36,0.1,4,5,0.9209481077184445,0.9375423860693847,30,0.608464241027832,0.6732923812966083,10
36,0.1,5,5,0.9228240370617491,0.9429093090060505,35,0.611940324306488,0.6775921780278787,10
36,0.1,6,5,0.9231789323842149,0.9437717039717508,70,0.6058419942855835,0.6671662774476428,10
36,0.1,7,5,0.9231776411271606,0.9438158872260616,20,0.5941166281700134,0.6214271604434785,10
36,0.1,8,5,0.9230126496438913,0.9445160157061384,20,0.6071389317512512,0.6212191751389724,10
36,0.1,9,5,0.9231735892515763,0.943402818546993,20,0.6248626708984375,0.6842189258750113,10
36,0.1,10,5,0.9220469452086237,0.9439798679667399,20,0.6200674176216125,0.7302600837993835,10
36,0.1,11,5,0.9227577822170305,0.9441489603043092,45,0.6065708994865417,0.68015793637797,10
36,0.1,12,5,0.9238078858849352,0.9440656564138632,20,0.6036009192466736,0.7284212420270035,10
36,0.1,13,5,0.9229033157922741,0.9443495058826779,20,0.6382254958152771,0.7125351282198127,10
36,0.115,4,5,0.9199156809143525,0.9372746595033068,20,0.6056356430053711,0.6766788563700306,18
36,0.115,5,5,0.923045487646566,0.9430560670491905,30,0.6101425886154175,0.6642094303216936,10
36,0.115,6,5,0.9214646550662804,0.9441380514085054,70,0.5912579894065857,0.6867317361328205,10
36,0.115,7,5,0.9208645767448612,0.9444574727828616,20,0.603376030921936,0.6857341659316196,11
36,0.115,8,5,0.9231036164770634,0.9449086379976432,20,0.5991052389144897,0.6974316692735423,10
36,0.115,9,5,0.9238381858996065,0.9440076478038499,25,0.6021142601966858,0.6246135659820534,10
36,0.115,10,5,0.9233265586864087,0.9446719550321957,25,0.5958757996559143,0.6792370485649102,10
36,0.115,11,5,0.9231186217745567,0.9445869947706316,20,0.5829193592071533,0.6513038733864174,10
36,0.115,12,5,0.921840767077932,0.9445553367097478,30,0.5949867367744446,0.6449425955487604,10
36,0.115,13,5,0.9222548375943703,0.9448378548480134,30,0.5888885855674744,0.6539405181131244,10
